{
  "version": 1,
  "author": "Cristian Damian Meichtry",
  "editor": "wokwi",
  "parts": [
    { "type": "wokwi-arduino-uno", "id": "uno", "top": 0.6, "left": -0.6, "attrs": {} },
    {
      "type": "wokwi-led",
      "id": "led1",
      "top": -118.8,
      "left": 243.8,
      "attrs": { "color": "red" }
    },
    { "type": "wokwi-led", "id": "led2", "top": -118.8, "left": 215, "attrs": { "color": "red" } },
    {
      "type": "wokwi-led",
      "id": "led3",
      "top": -118.8,
      "left": 186.2,
      "attrs": { "color": "green" }
    },
    {
      "type": "wokwi-led",
      "id": "led4",
      "top": -118.8,
      "left": 157.4,
      "attrs": { "color": "green" }
    },
    {
      "type": "wokwi-led",
      "id": "led5",
      "top": -118.8,
      "left": 119,
      "attrs": { "color": "blue" }
    },
    {
      "type": "wokwi-led",
      "id": "led6",
      "top": -118.8,
      "left": 90.2,
      "attrs": { "color": "blue" }
    },
    {
      "type": "wokwi-led",
      "id": "led7",
      "top": -118.8,
      "left": 61.4,
      "attrs": { "color": "magenta" }
    },
    {
      "type": "wokwi-led",
      "id": "led8",
      "top": -118.8,
      "left": 32.6,
      "attrs": { "color": "magenta" }
    },
    {
      "type": "wokwi-pushbutton-6mm",
      "id": "btn1",
      "top": -155.8,
      "left": 115.2,
      "attrs": { "color": "green" }
    },
    {
      "type": "wokwi-resistor",
      "id": "r1",
      "top": -159.25,
      "left": 182.4,
      "attrs": { "value": "330" }
    },
    {
      "type": "wokwi-slide-potentiometer",
      "id": "pot1",
      "top": 235.4,
      "left": 95,
      "attrs": { "travelLength": "30" }
    }
  ],
  "connections": [
    [ "uno:2", "led1:A", "green", [ "v-47.4", "h32.3" ] ],
    [ "uno:3", "led2:A", "green", [ "v-57", "h13" ] ],
    [ "uno:4", "led3:A", "green", [ "v-85.8", "h-6.3" ] ],
    [ "uno:5", "led4:A", "green", [ "v-76.2", "h-25.6" ] ],
    [ "uno:GND.1", "led1:C", "black", [ "v-18.6", "h143.3" ] ],
    [ "uno:GND.1", "led2:C", "black", [ "v-18.6", "h114.5" ] ],
    [ "uno:GND.1", "led3:C", "black", [ "v-18.6", "h85.7" ] ],
    [ "uno:6", "led5:A", "green", [ "v-66.6", "h-54.5" ] ],
    [ "uno:7", "led6:A", "green", [ "v-57", "h-73.8" ] ],
    [ "uno:8", "led7:A", "green", [ "v-47.4", "h-86.6" ] ],
    [ "uno:9", "led8:A", "green", [ "v-37.8", "h-105.4" ] ],
    [ "uno:GND.1", "led4:C", "black", [ "v-18.6", "h67.5", "v-57.6", "h-10" ] ],
    [ "uno:GND.1", "led5:C", "black", [ "v-18.6", "h18.9" ] ],
    [ "uno:GND.1", "led6:C", "black", [ "v-18.6", "h-9.9" ] ],
    [ "uno:GND.1", "led7:C", "black", [ "v-18.6", "h-38.7" ] ],
    [ "uno:GND.1", "led8:C", "black", [ "v-18.6", "h-67.5" ] ],
    [ "uno:10", "btn1:1.r", "green", [ "v0" ] ],
    [ "r1:1", "btn1:1.r", "green", [ "v0" ] ],
    [ "uno:5V", "r1:2", "red", [ "v19.1", "h128.6", "v-364.8" ] ],
    [ "uno:GND.1", "btn1:2.l", "black", [ "v-19.2", "h-86.1", "v-124.8" ] ],
    [ "uno:GND.2", "pot1:GND", "black", [ "v67.1", "h128.7" ] ],
    [ "uno:5V", "pot1:VCC", "red", [ "v19.1", "h-53.8" ] ],
    [ "uno:A0", "pot1:SIG", "green", [ "v38.3", "h-130.6", "v67.2" ] ]
  ],
  "dependencies": {}
}