{
  "version": 1,
  "author": "Cristian Damian Meichtry",
  "editor": "wokwi",
  "parts": [
    { "type": "wokwi-arduino-uno", "id": "uno", "top": 0, "left": 0, "attrs": {} },
    { "type": "wokwi-potentiometer", "id": "pot1", "top": 123.5, "left": 307, "attrs": {} },
    { "type": "wokwi-led", "id": "led1", "top": -80.4, "left": 99.8, "attrs": { "color": "red" } },
    {
      "type": "wokwi-pushbutton-6mm",
      "id": "btn1",
      "top": -59.8,
      "left": 163.2,
      "attrs": { "color": "red" }
    },
    {
      "type": "wokwi-pushbutton-6mm",
      "id": "btn2",
      "top": -98.2,
      "left": 163.2,
      "attrs": { "color": "green" }
    },
    {
      "type": "wokwi-resistor",
      "id": "r1",
      "top": -101.65,
      "left": 326.4,
      "attrs": { "value": "330" }
    },
    {
      "type": "wokwi-resistor",
      "id": "r2",
      "top": -63.25,
      "left": 326.4,
      "attrs": { "value": "330" }
    }
  ],
  "connections": [
    [ "uno:5V", "pot1:VCC", "red", [ "v48.5", "h3.2" ] ],
    [ "pot1:GND", "uno:GND.2", "black", [ "v38.4", "h-163.2" ] ],
    [ "uno:A0", "pot1:SIG", "green", [ "v29.3", "h3.2" ] ],
    [ "led1:C", "uno:GND.1", "black", [ "v0" ] ],
    [ "btn1:2.l", "uno:GND.1", "black", [ "h-9.6", "v29.2", "h-18.9" ] ],
    [ "btn2:2.l", "uno:GND.1", "black", [ "h-9.6", "v67.6", "h-18.9" ] ],
    [ "r1:1", "btn2:1.r", "orange", [ "v0" ] ],
    [ "r2:1", "btn1:1.r", "blue", [ "v0" ] ],
    [ "uno:5V", "r2:2", "red", [ "v48.5", "h243.2", "v-297.6", "h-114" ] ],
    [ "uno:5V", "r1:2", "red", [ "v48.5", "h243.2", "v-336" ] ],
    [ "uno:2", "r2:1", "blue", [ "v0" ] ],
    [ "uno:3", "r1:1", "orange", [ "v0" ] ],
    [ "uno:12", "led1:A", "green", [ "v0" ] ]
  ],
  "dependencies": {}
}